TransactionIndex, Incarnation, VersionTxIdx, VersionInc, Path, Operation
0 , 0, -1 , -1, 000000000000000000000000000000000000dead00000000000000000000000000000000000000000000000000000000000000000001, Read
0 , 0, -1 , -1, 000000000000000000000000000000000000dead00000000000000000000000000000000000000000000000000000000000000000103, Read
0 , 0, -1 , -1, 000000000000000000000000000000000000000000000000000000000000000000000000000000000000000000000000000000000103, Read
0 , 0, -1 , -1, 000000000000000000000000000000000000000000000000000000000000000000000000000000000000000000000000000000000001, Read
0 , 0, 0 , 0, 000000000000000000000000000000000000000000000000000000000000000000000000000000000000000000000000000000000103, Write
0 , 0, 0 , 0, 000000000000000000000000000000000000dead00000000000000000000000000000000000000000000000000000000000000000001, Write
0 , 0, 0 , 0, 000000000000000000000000000000000000dead00000000000000000000000000000000000000000000000000000000000000000103, Write
0 , 0, 0 , 0, 000000000000000000000000000000000000000000000000000000000000000000000000000000000000000000000000000000000001, Write
1 , 0, 0 , 0, 000000000000000000000000000000000000000000000000000000000000000000000000000000000000000000000000000000000001, Read
1 , 0, 0 , 0, 000000000000000000000000000000000000dead00000000000000000000000000000000000000000000000000000000000000000001, Read
1 , 0, 0 , 0, 000000000000000000000000000000000000dead00000000000000000000000000000000000000000000000000000000000000000103, Read
1 , 0, 0 , 0, 000000000000000000000000000000000000000000000000000000000000000000000000000000000000000000000000000000000103, Read
1 , 0, 1 , 0, 000000000000000000000000000000000000000000000000000000000000000000000000000000000000000000000000000000000001, Write
1 , 0, 1 , 0, 000000000000000000000000000000000000000000000000000000000000000000000000000000000000000000000000000000000103, Write
1 , 0, 1 , 0, 000000000000000000000000000000000000dead00000000000000000000000000000000000000000000000000000000000000000001, Write
1 , 0, 1 , 0, 000000000000000000000000000000000000dead00000000000000000000000000000000000000000000000000000000000000000103, Write
2 , 0, 1 , 0, 000000000000000000000000000000000000000000000000000000000000000000000000000000000000000000000000000000000001, Read
2 , 0, 1 , 0, 000000000000000000000000000000000000dead00000000000000000000000000000000000000000000000000000000000000000001, Read
2 , 0, 1 , 0, 000000000000000000000000000000000000dead00000000000000000000000000000000000000000000000000000000000000000103, Read
2 , 0, 1 , 0, 000000000000000000000000000000000000000000000000000000000000000000000000000000000000000000000000000000000103, Read
2 , 0, 2 , 0, 000000000000000000000000000000000000dead00000000000000000000000000000000000000000000000000000000000000000103, Write
2 , 0, 2 , 0, 000000000000000000000000000000000000000000000000000000000000000000000000000000000000000000000000000000000001, Write
2 , 0, 2 , 0, 000000000000000000000000000000000000000000000000000000000000000000000000000000000000000000000000000000000103, Write
2 , 0, 2 , 0, 000000000000000000000000000000000000dead00000000000000000000000000000000000000000000000000000000000000000001, Write
3 , 0, 2 , 0, 000000000000000000000000000000000000000000000000000000000000000000000000000000000000000000000000000000000001, Read
3 , 0, 2 , 0, 000000000000000000000000000000000000dead00000000000000000000000000000000000000000000000000000000000000000001, Read
3 , 0, 2 , 0, 000000000000000000000000000000000000dead00000000000000000000000000000000000000000000000000000000000000000103, Read
3 , 0, 2 , 0, 000000000000000000000000000000000000000000000000000000000000000000000000000000000000000000000000000000000103, Read
3 , 0, 3 , 0, 000000000000000000000000000000000000dead00000000000000000000000000000000000000000000000000000000000000000001, Write
3 , 0, 3 , 0, 000000000000000000000000000000000000dead00000000000000000000000000000000000000000000000000000000000000000103, Write
3 , 0, 3 , 0, 000000000000000000000000000000000000000000000000000000000000000000000000000000000000000000000000000000000001, Write
3 , 0, 3 , 0, 000000000000000000000000000000000000000000000000000000000000000000000000000000000000000000000000000000000103, Write
4 , 0, 3 , 0, 000000000000000000000000000000000000dead00000000000000000000000000000000000000000000000000000000000000000001, Read
4 , 0, 3 , 0, 000000000000000000000000000000000000dead00000000000000000000000000000000000000000000000000000000000000000103, Read
4 , 0, 3 , 0, 000000000000000000000000000000000000000000000000000000000000000000000000000000000000000000000000000000000103, Read
4 , 0, 3 , 0, 000000000000000000000000000000000000000000000000000000000000000000000000000000000000000000000000000000000001, Read
4 , 0, 4 , 0, 000000000000000000000000000000000000dead00000000000000000000000000000000000000000000000000000000000000000001, Write
4 , 0, 4 , 0, 000000000000000000000000000000000000dead00000000000000000000000000000000000000000000000000000000000000000103, Write
4 , 0, 4 , 0, 000000000000000000000000000000000000000000000000000000000000000000000000000000000000000000000000000000000001, Write
4 , 0, 4 , 0, 000000000000000000000000000000000000000000000000000000000000000000000000000000000000000000000000000000000103, Write
